,logFC,logCPM,PValue,FDR
hsa-mir-10b,-3.84074325971611,15.1912525337778,1.02068197434394e-34,6.22616004349803e-32
hsa-mir-145,-4.30947020833728,10.6844792520635,7.4767920894429e-34,2.28042158728008e-31
hsa-mir-140,-2.81003327494196,9.75559037921635,1.30427321142173e-27,2.65202219655752e-25
hsa-mir-133a-2,-4.57280190971236,2.80782318618811,1.77246311108754e-23,2.70300624440849e-21
hsa-mir-133a-1,-4.45364958158111,2.88648802622055,2.62466039962155e-21,3.20208568753829e-19
hsa-mir-1-2,-4.14773663113335,3.47960118238811,4.09241920001353e-17,4.16062618668042e-15
hsa-mir-1-1,-4.10809630462098,3.39960033005436,1.35655429838719e-16,1.18214017430884e-14
hsa-mir-143,-3.20245253163846,16.3012622802404,7.05065603207581e-15,5.3761252244578e-13
hsa-mir-139,-2.7729475639952,4.94935654195092,1.39288371828747e-13,9.4406563128373e-12
hsa-mir-100,-3.27348439232885,11.5396677313671,1.79844487294065e-11,1.0970513724938e-09
hsa-mir-129-2,-3.96128193448519,1.84427448414955,2.1361282494906e-11,1.18458021108115e-09
hsa-mir-129-1,-3.97011125370427,1.70737779792831,5.08675517369647e-11,2.58576721329571e-09
hsa-mir-133b,-3.8807006374569,0.997034342712005,1.409659005054e-10,6.61455379294571e-09
hsa-mir-125a,-2.07922888665519,9.20537229962973,5.92712175610194e-10,2.58253162230156e-08
hsa-mir-141,5.10940079840983,11.0264932210473,7.28638718634014e-10,2.96313078911166e-08
hsa-mir-28,-1.77509796602588,12.0881469850612,2.693234436606e-09,1.02679562895604e-07
hsa-mir-125b-1,-2.66188618101829,8.70755448095212,5.72515866416399e-09,2.05432163831767e-07
hsa-mir-200c,4.44569445182588,13.4644344138575,1.08262183092702e-08,3.66888509369714e-07
hsa-mir-320a,-1.84084943848956,9.43753507915759,1.82102139724581e-08,5.84643711747339e-07
hsa-mir-204,-4.11026922806172,3.28255946383996,4.83933107212512e-08,1.47599597699816e-06
hsa-mir-1468,-2.33756649793069,2.10766729816194,5.16409143109941e-08,1.50004560617649e-06
hsa-mir-96,5.8494397843398,4.88233738219038,6.63684541356268e-08,1.84021622830601e-06
hsa-mir-125b-2,-2.55983350546195,8.86945512091339,7.8673053941403e-08,2.08654621322851e-06
hsa-mir-381,-2.37946277355073,5.44603197068391,1.24796307656883e-07,3.17190615294578e-06
hsa-mir-6892,-2.32468058383349,1.06488430214727,2.07382991235779e-07,5.060144986153e-06
hsa-mir-504,-3.1667243253696,-0.358482338413254,3.32072425238516e-07,7.7909299767498e-06
hsa-mir-99a,-2.86963487341743,10.092637524808,6.59982247587381e-07,1.46372673146699e-05
hsa-mir-101-2,-1.91649792481642,12.380346774779,6.71874565263534e-07,1.46372673146699e-05
hsa-mir-183,5.57723010895397,13.0166732450884,7.30085510318334e-07,1.53569710791098e-05
hsa-mir-101-1,-1.90080316141342,12.3670645959652,8.78887585396008e-07,1.78707142363855e-05
hsa-mir-195,-2.18551902590832,5.09600284545488,1.00680216672132e-06,1.98112684419356e-05
hsa-mir-151b,-2.08420092697932,0.704541884973303,1.47639605425598e-06,2.81437997842546e-05
hsa-mir-887,-2.08553879646973,1.5875106162911,3.59239625384318e-06,6.64049004498284e-05
hsa-mir-130b,3.18107706292695,5.51729249530247,4.04939783242797e-06,7.26509611112077e-05
hsa-mir-200a,4.01843165982958,10.6667536377737,4.71360097962773e-06,7.99310324799494e-05
hsa-mir-362,-1.88688131402175,4.00300200275306,4.71724126111177e-06,7.99310324799494e-05
hsa-mir-15b,2.59169416259963,8.84598433964363,5.1655191704891e-06,8.21089626790091e-05
hsa-mir-497,-1.98203414328377,4.09703314181351,5.16552992831773e-06,8.21089626790091e-05
hsa-mir-182,4.56102547067103,14.2831525203334,5.24958941718255e-06,8.21089626790091e-05
hsa-mir-3622a,-3.27639625527532,-0.605821513999698,5.56518472044921e-06,8.48690669868505e-05
hsa-mir-3934,3.93041532996942,2.45508134840657,9.27556980393213e-06,0.000138002380009722
hsa-mir-429,4.16272729932325,7.65009919644964,9.87805178650238e-06,0.000143466942613487
hsa-mir-1976,2.50794200042283,3.56411350993115,1.18087115244086e-05,0.000167518930927657
hsa-mir-106b,1.87239291456081,9.86671309026385,1.5032552585237e-05,0.000204680251797417
hsa-mir-6507,-3.21268106302384,-0.254462814529048,1.50993628375144e-05,0.000204680251797417
hsa-mir-205,7.95148592405224,13.7899056623612,1.68635508376221e-05,0.000223625348064119
hsa-mir-873,-3.78773081241431,-0.117904412368525,1.74117240270362e-05,0.00022598195013813
hsa-mir-210,4.9802055059363,10.3734257781622,2.68692231833785e-05,0.000334802381717612
hsa-mir-3613,2.61291037835647,4.11411852400838,2.68939618101033e-05,0.000334802381717612
hsa-mir-32,2.19746616800169,5.5340514915943,2.91307716947701e-05,0.000354721481111494
hsa-mir-942,2.64950369981284,3.80662308664176,2.965704186342e-05,0.000354721481111494
hsa-mir-1307,2.17776002624789,10.4967435518332,3.11187180484184e-05,0.00036504650018337
hsa-mir-1245a,-2.11302185909627,0.999580720899565,3.22153744799256e-05,0.000370780725146314
hsa-mir-142,3.6204905876699,11.3349905800096,3.32972461086819e-05,0.00037613555789437
hsa-mir-16-2,2.2125565136777,8.71488191334736,4.4647218839421e-05,0.000495178245309942
hsa-mir-18a,3.07478585277892,4.79639711773234,4.59791294635706e-05,0.000500844088799609
hsa-mir-26a-2,-1.27423404079901,10.1257879580261,6.93047683069753e-05,0.000741682608197455
hsa-mir-26a-1,-1.26532952358531,10.1174223413135,8.46883730307988e-05,0.000890688061185988
hsa-mir-16-1,2.1094166158584,8.65346201456497,8.74662223646488e-05,0.000904311790549759
hsa-mir-31,5.71880742880948,7.09168307106841,0.000110402142841294,0.00112242178555315
hsa-mir-218-1,-2.04802666715652,4.36145873268111,0.000124913990211198,0.00124552992546859
hsa-mir-3926-2,-2.18314875824286,-0.00664178445348917,0.000126594844883693,0.00124552992546859
hsa-mir-379,-1.90741681200132,9.23691919851293,0.000154393718386523,0.00149492330501236
hsa-mir-218-2,-2.03969629681197,4.31094749711263,0.000161308261160774,0.00153746936418862
hsa-mir-99b,-1.46605969522069,14.2248002622779,0.000166793637443506,0.00156529413600828
hsa-mir-203b,4.96491448896432,7.27665213001959,0.000265996744821847,0.00242778030758401
hsa-mir-21,1.89896348850059,18.5784191581582,0.000266657837062506,0.00242778030758401
hsa-mir-4746,2.96918967531032,2.99761576385225,0.000271556901607123,0.00243602514676978
hsa-mir-126,-1.156724305431,10.6114333930742,0.000276411024890926,0.00244363369831108
hsa-mir-203a,6.02342575218229,15.8404001660195,0.000282796983990553,0.00246437371763196
hsa-mir-29a,-1.43059849492039,12.6789074493532,0.000333518100471281,0.00286543720123213
hsa-mir-23b,-1.3534324964139,10.4955128765453,0.000341858192850777,0.00289629857831908
hsa-mir-200b,3.06586574319239,10.3195527409958,0.000359478946303241,0.00300386516773941
hsa-mir-383,-3.7520273500775,-0.712572310727385,0.000448473477687263,0.00369687596471933
hsa-let-7c,-2.13796656115485,11.7943238820527,0.000479055753237787,0.003896320126334
hsa-mir-299,-1.77882376668204,1.99062523787131,0.000498053768840978,0.00399753682885522
hsa-mir-135b,4.01071091821088,6.03418541143525,0.000512833931178293,0.00406271036387999
hsa-mir-542,-1.34385165471056,8.26433115159323,0.000601463410336297,0.00470375231160437
hsa-mir-33b,3.75607043362317,2.93024256380913,0.000614252403065068,0.00473354525175254
hsa-mir-940,3.3083081025115,2.11305429822977,0.00062495688484952,0.00473354525175254
hsa-mir-1298,-3.43674495978642,0.378951273453675,0.000628552730150747,0.00473354525175254
hsa-mir-944,8.14997740264991,6.68437909516568,0.000718155550242525,0.00534237665424318
hsa-mir-2277,3.48390130610907,1.02914286827489,0.000942518281166104,0.00692694158447378
hsa-mir-3614,3.72064099253135,3.02396450644897,0.00103279355381283,0.00750004842649793
hsa-mir-127,-1.65109921959913,9.1800627675881,0.00119871938566197,0.0086025744147506
hsa-mir-199a-1,-1.44375936200302,10.1746474292501,0.00141870696427926,0.00998739600688409
hsa-mir-224,3.63615519279026,7.63789168452149,0.00143480730071563,0.00998739600688409
hsa-mir-93,1.70716957442143,12.8644896723646,0.00144080466984557,0.00998739600688409
hsa-mir-374b,-0.938587663865679,5.96936029853192,0.00149466470850786,0.0102443311482
hsa-mir-106a,3.65805873017073,5.54631396807522,0.00156055966386421,0.0105771266106352
hsa-mir-5000,-1.31188008929658,1.58146098140298,0.00159395093990762,0.0106847260806994
hsa-mir-876,-2.97398744563408,-0.699538079576813,0.00178491008766314,0.0118347299290708
hsa-mir-495,-1.7042445067222,2.69376640427364,0.00189201640056183,0.0124100000466959
hsa-mir-363,4.10251674069528,5.93289205258826,0.00200859914161269,0.0130308156018711
hsa-mir-1277,2.72229107205522,0.832645004151186,0.0020293893150455,0.0130308156018711
hsa-mir-425,2.14403189616644,8.13111575590493,0.00221182023058788,0.0140542743818605
hsa-mir-30b,-0.991728334075786,8.46523083935645,0.00229156764780872,0.0144108893315806
hsa-mir-328,-1.1550893473006,4.19914043329002,0.00242417014214335,0.0149394580141984
hsa-mir-502,-1.04466314448327,3.61594410275511,0.00242460056296006,0.0149394580141984
hsa-mir-20b,4.60850153663144,6.94968068649205,0.00265537359852476,0.016197778951001
hsa-mir-6511b-2,-1.29978028234532,0.344979779626244,0.00295269588315906,0.0178331137497726
hsa-mir-331,1.37553135577467,4.65070130361264,0.00298954946007687,0.017878678143597
hsa-mir-532,-1.10319569330331,9.74360655819837,0.00304339273576932,0.0180239763963037
hsa-mir-199a-2,-1.32169872620189,10.8879599102093,0.00313222824636235,0.0183717233680869
hsa-mir-574,-1.0003067546356,6.07672684579807,0.00332576480900063,0.0193211098427655
hsa-mir-181d,-1.32850406988067,4.21129881670672,0.00344600151343923,0.0198307634263956
hsa-mir-185,1.72292150429085,6.76527079322409,0.00349926072664869,0.0199490564790252
hsa-mir-7706,2.1525613001052,1.45471893482728,0.00360938109641293,0.0203863191556656
hsa-mir-877,3.07481532914069,1.68772288898821,0.0036543310129061,0.020450843283236
hsa-mir-642a,3.18917715702557,1.50091854362006,0.00377569696102675,0.0209379558747847
hsa-mir-337,-1.55771777739184,4.53175404166067,0.00410506403892344,0.0224101491655509
hsa-mir-411,-1.58255001200319,2.84186474645096,0.00411465033859296,0.0224101491655509
hsa-mir-766,1.76288040761105,3.4225020011977,0.00464838801305628,0.0250930680350826
hsa-mir-3651,3.80470445840931,1.2862175242644,0.00483571389035202,0.0258753111676731
hsa-mir-345,2.15464905891704,4.33703697027886,0.0049384526848769,0.0261952707632601
hsa-mir-376c,-1.5613335843851,2.79511243343551,0.00623619852263137,0.0327938025759063
hsa-mir-95,3.0711618164115,3.20700133867566,0.00652712325241001,0.0340303007176932
hsa-mir-487b,-1.45143764566874,2.16488917168324,0.00704107412007913,0.0361014092249549
hsa-let-7i,-0.701296060920171,9.10518725020828,0.00704273393076988,0.0361014092249549
hsa-mir-4638,4.69263384856086,0.0812855904890475,0.00741658577075077,0.0377009776679831
hsa-mir-652,1.39459285050678,5.02772864671755,0.00785597589593705,0.0396045065828231
hsa-mir-676,-1.89911725757995,0.0706257942527086,0.00812391334894004,0.0406195667447002
hsa-mir-548j,4.87902262155684,0.19985694806991,0.00832308863134881,0.0412758427054296
hsa-mir-301b,3.5939130773521,1.14382200282013,0.008390499172907,0.0412758427054296
hsa-mir-433,-1.70244014132777,0.296141440984608,0.00849365510550143,0.041449036914847
hsa-mir-33a,2.04269735590814,5.48495003539641,0.00879790124504201,0.0425480635142815
hsa-mir-155,2.22301356400697,9.20175769504449,0.00885836732182581,0.0425480635142815
hsa-mir-7854,4.55425862706532,-0.00385080699615484,0.00934807830840406,0.0445494356884881
hsa-mir-3152,-2.87919370113934,-0.926348199029486,0.00958911704963818,0.0453438868238705
hsa-mir-4772,2.13824383489779,3.65721042437447,0.00980416320795902,0.0460041504373462
hsa-mir-148b,0.955244353717005,7.07234088314807,0.0105131188665873,0.048666590666696
hsa-mir-199b,-1.14180781478424,11.2237729201752,0.0105311310950883,0.048666590666696
hsa-mir-132,-1.00005184056538,6.95260247194233,0.010770488252762,0.0493984799562769
hsa-mir-1296,-1.26198609744374,2.81097681771345,0.0108937418723558,0.0495265296951756
hsa-mir-377,-1.48478375714307,1.76376900851692,0.0109607893587684,0.0495265296951756
hsa-mir-431,-1.62766661937164,3.02655948270317,0.0115128227669373,0.0516383962340571
hsa-mir-6510,6.70781412800862,4.44329210063315,0.0115997579636679,0.0516485573564775
hsa-mir-5001,2.58186342548975,0.372828143529493,0.0117756277019944,0.0519849427152652
hsa-mir-432,-1.55163000528447,2.31435619781434,0.0118457492416752,0.0519849427152652
hsa-mir-15a,1.306946764821,7.80506717489519,0.0124524663527668,0.0542571748227696
hsa-mir-6499,4.77819180581809,2.56785597436493,0.0130025575028775,0.0562521991259239
hsa-mir-651,1.94547186468655,2.56929706350177,0.0131968563586835,0.0566907209774433
hsa-mir-1293,5.96323011240148,2.55364207939481,0.0134635578420113,0.0574319600253628
hsa-mir-6511b-1,-1.13830611478983,0.423943324716621,0.0141303098375412,0.0598575625062511
hsa-mir-6854,2.39343285883052,0.850935107079433,0.0150924480922845,0.0634923678365072
hsa-mir-4652,6.96057729744754,1.84536711447934,0.0154050038369352,0.0636401493533883
hsa-mir-579,3.38878914489073,0.385289952448929,0.0154358972312645,0.0636401493533883
hsa-mir-4664,4.87721630669465,0.200566946058314,0.0154405608267237,0.0636401493533883
hsa-mir-937,3.20217900931183,1.4912436036997,0.0155662357380333,0.0637275422832236
hsa-mir-3912,-1.11772860149077,0.34822958974338,0.0157402561734459,0.0640103751053468
hsa-mir-654,-1.38714460171953,4.43996812799915,0.0159146800082186,0.0641466565851087
hsa-let-7b,-0.908564197439137,14.0799468529183,0.0159840849195681,0.0641466565851087
hsa-mir-410,-1.46599875903397,3.38073161476929,0.0161212528092262,0.0642742759060651
hsa-mir-421,1.69057329362814,1.96624736154007,0.0165813232711842,0.0656792675027426
hsa-mir-758,-1.41914069917144,3.68727054623501,0.0169890445152668,0.0668601106729855
hsa-mir-147b,3.95637065362795,1.45405219813028,0.0181923314017925,0.0711366804813682
hsa-mir-556,4.85060433175805,0.172477062430899,0.0198382854217472,0.0770786885813109
hsa-mir-452,1.99420115952273,8.12206718929511,0.0204740279930311,0.0790452979477783
hsa-mir-18b,2.7769397098061,1.20390663055746,0.02068529202232,0.079358667507014
hsa-mir-330,1.60784552754569,5.45556445148222,0.0208203233450844,0.0793774827531342
hsa-mir-361,-0.589284165433418,8.8601706454592,0.0210846884539747,0.0798860866889725
hsa-mir-214,-1.14926527124896,4.91865464062189,0.0214923365172906,0.0809279337996743
hsa-mir-190a,-1.24803579239493,2.54597501398765,0.021982739279247,0.0822666930082251
hsa-mir-539,-1.35499266571492,1.90644474127394,0.0232790158364581,0.086586583294143
hsa-mir-92a-1,1.06494840846301,13.0151734333031,0.0234671166632257,0.0867572191791982
hsa-mir-92a-2,1.04303173932634,12.8795319063188,0.0246591072872497,0.0903739145719164
hsa-mir-154,-1.23926137146102,2.57113728710368,0.024741711038541,0.0903739145719164
hsa-mir-5680,-1.86262264486714,-0.66781852360264,0.0262031103611557,0.0951422459541964
hsa-mir-7-3,3.52751428392118,0.473230873109922,0.027168595876562,0.0980641626313777
hsa-mir-4999,-1.26901628384447,0.68757336827516,0.0280784843357061,0.10075220849871
hsa-mir-3150b,4.61659128884713,1.96989117640656,0.0284887514843804,0.101626540382878
hsa-mir-590,0.913863741596781,4.54520489811836,0.0303813625072292,0.107747855403546
hsa-mir-616,1.5805395742192,1.69073729351043,0.0311576882528234,0.109862368983944
hsa-mir-3615,1.33733123699656,2.79873373664631,0.0316822878207166,0.11107008948642
hsa-mir-1301,1.33097624609104,3.67696964389747,0.0328779276418333,0.114603062065819
hsa-mir-643,1.9153069653767,0.527173531197541,0.0353746916866543,0.122605465504881
hsa-let-7e,-0.841417645095648,10.0076759866824,0.0360775428602215,0.124335034716017
hsa-let-7a-3,-0.693789478482111,13.3476219216259,0.0363097123166688,0.124432160186337
hsa-let-7a-1,-0.691601733656048,13.3436827101664,0.0371542718653225,0.126541030495409
hsa-let-7a-2,-0.691958780662282,13.338757097288,0.0373399762117601,0.126541030495409
hsa-mir-7-1,1.17032020998492,4.89637293863036,0.0375702855765718,0.126618089512203
hsa-mir-20a,1.43175443999378,9.08305547831741,0.0380443069995978,0.127511138844806
hsa-mir-585,-1.64923105902437,-0.34772618663486,0.0382891100976772,0.127630366992257
hsa-mir-29c,-1.04789131689412,10.8217483667941,0.0386552073594338,0.128150415702471
hsa-mir-382,-1.11809383954694,3.9110133490927,0.0395558358393427,0.1304273506054
hsa-mir-665,-1.55381730262287,-0.498345290908101,0.041109968813505,0.134568987052529
hsa-mir-1266,2.54602781992168,3.69932852317415,0.0412531157029884,0.134568987052529
hsa-mir-496,-1.25887133916704,1.18554721925125,0.0416243799970224,0.135057828713743
hsa-mir-30a,-1.21134386459427,13.5786356595268,0.0424576104095078,0.13703249920529
hsa-mir-370,-1.20752119094956,2.70606289380215,0.0439934655681698,0.141242178929387
hsa-mir-664a,-0.727362359115797,4.57266346337653,0.0448092067045673,0.143107937642859
hsa-mir-34b,3.22831938321743,2.47543768785705,0.045600596896955,0.144876896391367
hsa-mir-6842,1.54568200397596,1.78503962851805,0.0469284259715203,0.148323004365945
hsa-mir-27a,1.02918511345988,11.373647537808,0.0472673179256079,0.148624040900107
hsa-mir-186,-0.54574266695895,7.98030549561772,0.04795008798098,0.149997711119989
hsa-mir-7702,4.55777930057558,1.26639542529629,0.0487087625863358,0.151593597845229
hsa-mir-17,1.00322400718391,10.1779464817477,0.0495890003715318,0.1535496965819
hsa-mir-136,-1.05780079305044,4.96181619899061,0.050761609853935,0.155983247820946
hsa-mir-4724,5.00654682442379,0.282763669351628,0.0510007304910291,0.155983247820946
hsa-mir-3940,2.11555753796669,0.704922122526196,0.0513345985566523,0.155983247820946
hsa-mir-34c,2.83039769434327,4.97621883641503,0.0513977587082132,0.155983247820946
hsa-mir-134,-1.10974357921395,7.51845096124168,0.053102135936096,0.159683712840907
hsa-mir-484,0.950007200569262,6.14224380080309,0.0532726126981209,0.159683712840907
hsa-mir-26b,-0.629540730041694,9.48538705685586,0.0534024219992542,0.159683712840907
hsa-mir-215,5.67690632775061,5.27010224299955,0.0555734491462989,0.165364897459719
hsa-mir-7974,4.45872311203152,-0.0615230166556937,0.0560474690137446,0.165965806302836
hsa-mir-3652,2.13009797914041,0.705589939765592,0.0566536319302707,0.166950316316257
hsa-mir-889,-1.03377995921819,3.83229626289151,0.0571202268098069,0.167516049778761
hsa-mir-7-2,2.33541123855654,0.557523160660422,0.0576625200139548,0.168297307217763
hsa-mir-4461,2.60357981134193,0.708786329079527,0.0591945704386551,0.171946133178951
hsa-mir-6509,1.67610039519785,1.50827688457034,0.0631707438645234,0.182626321124926
hsa-mir-1911,-2.10576452664836,0.361454387602473,0.0675590291637866,0.19439154617882
hsa-mir-660,-0.739125460521212,5.70633349786356,0.0683786854366271,0.195424421462097
hsa-mir-589,0.803618523352083,6.10638381697833,0.0685587314637519,0.195424421462097
hsa-mir-625,1.02599744251485,8.12155123473087,0.0705711607178526,0.199999720532152
hsa-mir-577,4.2279808090411,3.14505490637761,0.0708195731720407,0.199999720532152
hsa-mir-27b,-0.778911309751537,11.4432746583904,0.071731274517009,0.201640909932606
hsa-mir-376b,-1.149602810905,1.17107363059958,0.0722689735566843,0.202220522337511
hsa-mir-655,-1.02319368961068,1.43786910370994,0.0730336537399621,0.203248131490132
hsa-mir-4668,1.28431782936062,1.2410928057996,0.0733026047997197,0.203248131490132
hsa-mir-6720,3.81200803986992,1.68204417184087,0.073677869609692,0.203364255483765
hsa-mir-30c-2,-0.653924887583104,8.0668444975234,0.0740540553917292,0.203481863914211
hsa-mir-301a,1.14658669460632,3.99361617544587,0.0750299089324991,0.205238764344504
hsa-mir-320c-1,-0.932939441197105,0.354982877268387,0.0779045434999468,0.212150765781105
hsa-mir-550a-2,1.19624780464493,1.94028064436926,0.0792414959238784,0.214832500060293
hsa-mir-490,-2.11174295202783,-0.472246911282718,0.0797573761725629,0.215274333917094
hsa-mir-3200,2.30081754822986,1.97085463018866,0.0863387582754937,0.232011641180842
hsa-mir-450a-1,-0.804804031954419,2.75897903937534,0.0887045901360244,0.235702171615512
hsa-mir-551b,3.88980791246493,1.84500330083227,0.0892932059088541,0.235702171615512
hsa-mir-181c,-0.723160007246664,6.53303482394435,0.0894639363412284,0.235702171615512
hsa-mir-196a-2,2.35626529558046,6.53465470567796,0.0894789446891132,0.235702171615512
hsa-mir-3922,1.53808381654282,0.63561444950911,0.0896441046144244,0.235702171615512
hsa-mir-1910,5.04223002009566,0.305337333649388,0.0901077275114378,0.23590435099561
hsa-mir-3616,4.18394521055351,-0.228544478222631,0.0914669098750577,0.238342071375354
hsa-mir-3619,4.0385449092277,-0.295900912499676,0.0918203061855871,0.238342071375354
hsa-mir-1181,3.67305382053376,-0.474635666321008,0.0923678116622315,0.23874730980492
hsa-mir-450a-2,-0.748439876118156,2.73642114102354,0.0930368767823099,0.239462003532528
hsa-mir-329-2,-1.22622962153005,-0.223500544568747,0.0935363449160323,0.239736010078906
hsa-mir-196a-1,2.30543802776039,6.3815219899543,0.094329538809352,0.240757400308388
hsa-mir-196b,-0.740871694006215,9.51741326883687,0.0960777655826934,0.243046631129891
hsa-mir-592,2.86748866846162,3.36019697492246,0.096108784871655,0.243046631129891
hsa-mir-1247,-1.25177402489469,6.77860635760933,0.0964217782515307,0.243046631129891
hsa-mir-3942,2.73799521721264,-0.0488341117763545,0.0990800371893555,0.248370585227019
hsa-mir-4797,2.03388266026184,0.365595725017627,0.0993482340908076,0.248370585227019
hsa-mir-146a,1.4299029268331,7.527832909654,0.102064315190661,0.254119315372667
hsa-mir-3662,2.69851839459368,0.410451564361876,0.102925900981836,0.254987832110701
hsa-mir-934,4.8674228062477,2.18418555921714,0.103249171362858,0.254987832110701
hsa-mir-656,-1.04368970302452,0.172184621116894,0.104284047288979,0.25601956862572
hsa-mir-6783,2.48385701760723,-0.152695186812757,0.104853878021872,0.25601956862572
hsa-mir-24-2,0.76163252806807,10.4638444702825,0.105595671839336,0.25601956862572
hsa-mir-5684,1.77100995419922,0.159517729913703,0.10568338098871,0.25601956862572
hsa-mir-320d-2,-1.00645952241948,-0.265104231246834,0.105765461137183,0.25601956862572
hsa-mir-629,0.865361992167931,7.28546035272481,0.108200647292903,0.260670958194091
hsa-mir-1262,-1.0393079834221,0.52431174351019,0.108541677674261,0.260670958194091
hsa-mir-449a,6.81867168918885,1.73119300103406,0.109117970357606,0.261027301639763
hsa-mir-320b-1,-0.700927533151611,1.89248956877706,0.109937778881541,0.261401323267446
hsa-mir-4758,4.14820944211247,-0.236800635153093,0.110165805358596,0.261401323267446
hsa-mir-30c-1,-0.587700219458989,7.95866834401811,0.110559903939346,0.261401323267446
hsa-mir-1295a,2.1919568253073,0.929165924977525,0.111423459274831,0.261684252466707
hsa-mir-4491,3.51378362270745,0.455324518198658,0.111537550231711,0.261684252466707
hsa-mir-107,0.686710710634471,6.36903099599952,0.112350239751569,0.262581020109031
hsa-mir-3680-1,3.61098471332186,-0.511604623088219,0.115000999512216,0.267750418711648
hsa-mir-618,-1.14578496173228,0.0825749006634088,0.121377078141497,0.281520979719822
hsa-mir-500b,-0.629572470931039,2.95553934701375,0.127198993481517,0.293906765241383
hsa-mir-7705,1.6970115916605,0.742996230782926,0.12789580372409,0.294401661402623
hsa-mir-1292,1.53936485414606,0.0215579850578072,0.128830403470877,0.295438143297876
hsa-mir-150,1.58186558254112,9.94418484173277,0.132679685880495,0.302582032472358
hsa-mir-1254-2,1.9771985232845,-0.0428064580378654,0.132937679840315,0.302582032472358
hsa-mir-3136,1.48050880270441,-0.00596422990337074,0.133439090904637,0.302594221010514
hsa-mir-3678,2.49930401978029,-0.162738235585482,0.135473982112,0.305609145063647
hsa-mir-1249,1.03983529462637,1.25591995928479,0.135846895443097,0.305609145063647
hsa-mir-2110,0.880215883489674,1.17435215234881,0.136271618782479,0.305609145063647
hsa-mir-152,-0.687010510283064,8.12527992749779,0.137171549397342,0.305692948833516
hsa-mir-92b,1.12588789007115,7.28922879430126,0.137311258984235,0.305692948833516
hsa-mir-30d,-0.494989555438928,12.1963814726316,0.140104718282565,0.309109573534129
hsa-mir-501,1.06286656241124,5.46317740239869,0.140964519130401,0.309109573534129
hsa-mir-485,-0.924112575340765,1.95720283853422,0.141010319886219,0.309109573534129
hsa-mir-320c-2,-0.817438057037439,-0.101350089896099,0.141930447113685,0.309109573534129
hsa-mir-191,0.692251147294441,8.83620786826825,0.142013287557356,0.309109573534129
hsa-mir-130a,-0.630938669399651,7.11104032951614,0.142085524915649,0.309109573534129
hsa-mir-3682,1.36219949244928,0.815062579788648,0.142393098628017,0.309109573534129
hsa-mir-24-1,0.685693419658317,10.4639521005415,0.146303329580615,0.316471741291402
hsa-mir-6891,3.70189768968783,-0.455006048811585,0.149849142985668,0.322996385940839
hsa-mir-1248,1.84355673383962,2.34659879802979,0.152627715863551,0.327827136185797
hsa-mir-323b,1.88254231419173,1.23736032679569,0.154062515535685,0.32974784026936
hsa-mir-192,3.21635292281577,11.4963957007214,0.156141184138663,0.333028399736309
hsa-mir-767,7.46654904319202,4.74947833605733,0.157418416925349,0.33336280799759
hsa-mir-516b-1,-1.48809417916804,-0.928373390639183,0.157518941039462,0.33336280799759
hsa-mir-19a,1.07126374865355,5.78823503114807,0.15793746149394,0.33336280799759
hsa-mir-222,1.06200060410714,7.18771081856794,0.16359843759909,0.344120851501534
hsa-mir-30e,-0.418834406958746,13.4734605166042,0.165190964646,0.346276592556907
hsa-mir-324,0.614438951022522,5.40839553843021,0.16680154286346,0.348455277899694
hsa-mir-4742,1.86585123826271,-0.0769454088580703,0.168466170850696,0.350731618494624
hsa-mir-4444-2,-0.695190683115026,0.100210856854567,0.171241053354761,0.35382156309011
hsa-mir-3193,2.06241591728244,0.0519012276913772,0.172144810579713,0.35382156309011
hsa-mir-561,-1.02712257127976,0.317734323790048,0.172359237402836,0.35382156309011
hsa-mir-4766,2.35419166465658,-0.229333494566433,0.172976470995051,0.35382156309011
hsa-mir-138-1,2.54217643980835,1.39313101269638,0.173153318914595,0.35382156309011
hsa-mir-223,1.36393331753807,9.09193949773149,0.173438355738639,0.35382156309011
hsa-mir-3690-1,2.26883560852143,0.162751889214197,0.174010604798415,0.35382156309011
hsa-mir-1224,5.2065309762613,0.433239122461884,0.175311799242168,0.355283048298082
hsa-mir-128-1,0.656463012551711,6.75152907763306,0.177971177710667,0.359478206634128
hsa-mir-22,-0.4310848376699,15.9605207249665,0.181299064558532,0.364221781568557
hsa-mir-409,-0.691278287806367,4.48390038930328,0.182187313001464,0.364221781568557
hsa-mir-3691,1.50661365076166,-0.298320963112643,0.183381005673188,0.364221781568557
hsa-mir-4677,0.609711182559949,3.38216239022936,0.183898518397695,0.364221781568557
hsa-mir-580,1.10736579152659,0.451740508208849,0.184818967636105,0.364221781568557
hsa-mir-615,2.10925556229425,2.12016495961662,0.185063196772961,0.364221781568557
hsa-mir-329-1,-0.99264194797172,-0.277882140921879,0.185336183258596,0.364221781568557
hsa-mir-760,1.54108233801384,0.798630936375591,0.185597265480774,0.364221781568557
hsa-mir-219a-1,0.811188737885001,2.57582755970853,0.185693400111183,0.364221781568557
hsa-mir-3913-2,-0.548977257198797,1.27183716179047,0.186486853048107,0.364605706279952
hsa-mir-509-2,5.70408331429983,2.99182992290296,0.187756493938143,0.36591521182833
hsa-mir-505,-0.448477461766104,5.22814993795154,0.190658022129256,0.37038660349951
hsa-mir-550a-3,1.06824318024452,1.20984842635913,0.192432932090203,0.372647900238172
hsa-mir-3074,1.23179729483939,2.78003801742386,0.195566506039512,0.377517622418045
hsa-mir-5703,3.66592981317628,-0.485572797927545,0.196484767444672,0.378093716533911
hsa-mir-1258,-1.12776742149071,0.270117975334142,0.197581708853792,0.379008938367337
hsa-mir-151a,-0.429897031314911,11.0862770819392,0.199730020205341,0.381928878762564
hsa-mir-550a-1,0.885635640921181,1.97291486647171,0.201184532242524,0.38302290474675
hsa-mir-4521,1.42703711813126,0.828456081532604,0.201557954792962,0.38302290474675
hsa-mir-1254-1,1.52573551487552,-0.0111947259148214,0.20336959508893,0.385265382000768
hsa-mir-6718,1.68974259155137,0.110297844024777,0.20427111317009,0.385775167287167
hsa-mir-378a,0.995743298056744,9.85371418790967,0.207329383177924,0.390342357217696
hsa-mir-6777,2.37358201867591,-0.232479919870754,0.209362227205913,0.392956795678791
hsa-mir-1269a,8.17177847380311,5.50957076525848,0.214290071672007,0.400972219999768
hsa-mir-105-2,6.65467030736858,4.42605611651967,0.215219566671232,0.401479925594652
hsa-mir-146b,0.76207071361761,9.96378421768265,0.218334706232326,0.405557289746515
hsa-mir-874,-0.556727300745256,4.14255612778477,0.218734997256727,0.405557289746515
hsa-mir-1304,1.97369012849124,1.20047346439143,0.220892738036237,0.408316879400316
hsa-mir-3199-2,-0.653881182411688,0.729425963889827,0.22297084261787,0.410706798749271
hsa-mir-105-1,7.1298179230181,4.43817701952411,0.223532224893046,0.410706798749271
hsa-mir-4501,-1.44769035129539,-0.797321393648698,0.224803960519378,0.411803050801263
hsa-mir-1288,1.28726700012961,-0.142020040462512,0.226033472863411,0.412815624091858
hsa-mir-128-2,0.638756414059107,6.31213798599839,0.232764550903056,0.423839928510041
hsa-mir-326,1.14093808472716,2.10575903896257,0.234207091618453,0.425197398473978
hsa-mir-202,-1.07549366486816,0.00933652700777878,0.23548147891016,0.425597813956611
hsa-mir-320b-2,-0.538665426611248,2.51438411653594,0.235823051012024,0.425597813956611
hsa-mir-6837,0.777924812534364,0.484445406603731,0.238120606685756,0.427220347372818
hsa-mir-4640,1.36724514895607,-0.0804129646542836,0.238180727078363,0.427220347372818
hsa-mir-6501,2.191749443997,-0.332719988535699,0.238823177793657,0.427220347372818
hsa-mir-624,0.948927193536088,1.45624298999572,0.241536031107565,0.428708969125777
hsa-mir-3065,1.41141359220595,5.93582612902196,0.24159557782981,0.428708969125777
hsa-mir-3187,2.22867543548098,-0.32517196569975,0.241768477605225,0.428708969125777
hsa-mir-320d-1,-0.729729292317577,-0.111087603073332,0.24246654811212,0.428708969125777
hsa-mir-3913-1,-0.498720248758284,1.2816004289021,0.24474583095684,0.431488314692695
hsa-mir-369,-0.626460410355126,3.40480436695361,0.252713816589733,0.443603902690422
hsa-mir-1270,-0.867799358971969,0.238345135394197,0.253072390387323,0.443603902690422
hsa-mir-1912,-1.17070902633827,-0.836825866653759,0.25486178335536,0.445366097034913
hsa-mir-138-2,1.96343665054512,1.10759260226073,0.25602928238694,0.445366097034913
hsa-mir-3677,0.912341778073921,2.65716686518544,0.257308797292463,0.445366097034913
hsa-mir-508,3.49459556588763,5.87633143576856,0.257536482696173,0.445366097034913
hsa-mir-4446,3.57663752572571,-0.52609875286271,0.257728249595613,0.445366097034913
hsa-mir-374a,-0.412195216544239,9.88857178543053,0.261749055359988,0.450768834284997
hsa-mir-190b,2.52185759438536,-0.175532653585578,0.262332682247826,0.450768834284997
hsa-mir-4449,2.51368152842287,0.704612168421875,0.263443761693521,0.451406445598449
hsa-mir-450b,-0.500702988326181,4.20783389268986,0.266725352986812,0.454513510776916
hsa-mir-1287,-0.532780680886698,4.68338793811345,0.266747273537928,0.454513510776916
hsa-mir-664b,-0.441612474921705,1.82817705214686,0.269172051115481,0.457367552034662
hsa-mir-5699,1.0790575155198,0.308626636788426,0.270449406155966,0.458261493764275
hsa-mir-548au,2.0434576615241,-0.411451287293872,0.271771547397851,0.459226160422962
hsa-mir-5579,2.54736807640818,-0.16509478254207,0.277114664697376,0.466961175318782
hsa-mir-487a,-0.722221254211928,0.541795300516597,0.281379552470719,0.472841672195974
hsa-mir-340,0.577148583662172,4.59721291341603,0.289015655413731,0.484339422534001
hsa-mir-1228,0.949976058595958,0.708835431441342,0.291423478704126,0.484790862624842
hsa-mir-627,0.730464480482891,1.36279694375959,0.291789680690337,0.484790862624842
hsa-mir-144,1.86638321163515,8.28170192721316,0.292092285495992,0.484790862624842
hsa-mir-514a-1,4.03295114550635,3.31568561912139,0.292493853051959,0.484790862624842
hsa-mir-486-1,1.72013929789547,7.45254643371934,0.293258734932077,0.484790862624842
hsa-mir-184,2.68465842742027,3.03844965198619,0.294506438179278,0.485207374676955
hsa-mir-4665,3.07671005003669,-0.717224167306459,0.295101534434673,0.485207374676955
hsa-mir-6806,0.86712559529968,0.578505847590698,0.297652022183925,0.48808530519407
hsa-mir-193b,0.959308685707893,7.20740600283317,0.302312816302764,0.494398975723018
hsa-mir-486-2,1.68606523862307,7.44906089668522,0.304578245000103,0.496772003877173
hsa-mir-3173,1.01457588999768,0.0910854163348623,0.306562803866807,0.498675494290005
hsa-mir-543,-0.703839726943804,0.786595694777986,0.309512156341964,0.502134083427123
hsa-mir-509-1,4.06276305210163,3.04330020306602,0.311109671268601,0.503387001256887
hsa-mir-412,-0.691518245201877,2.20100882505377,0.313639000762319,0.506137011812207
hsa-mir-3618,3.3378518965216,-0.62059932567314,0.315511589773536,0.507815487498303
hsa-mir-503,0.96755355416609,3.81172279573798,0.317408083972296,0.509523503218686
hsa-mir-451a,1.68312832694544,10.4985055731233,0.321442972520126,0.51464622896923
hsa-mir-181a-1,0.591683230352793,9.62133596784879,0.322934028875222,0.515679993753627
hsa-mir-639,1.59416096748416,0.0782170391033346,0.327731799340104,0.521974928452907
hsa-mir-376a-1,-0.637101603193375,0.763603211855363,0.329920320830373,0.524092176319083
hsa-mir-509-3,3.9419453886523,3.22221893270663,0.33100889807682,0.524455656693143
hsa-mir-3664,3.34830598468739,-0.615854166463801,0.333994564931256,0.527015066032112
hsa-mir-4661,0.998813361247835,2.13269414025697,0.334352181236766,0.527015066032112
hsa-mir-194-2,2.07409185449105,9.24544550180144,0.336522317814865,0.529068592440896
hsa-mir-338,-0.57716860677862,8.95212842426912,0.33913143559149,0.53179993755992
hsa-mir-206,3.27527416300121,0.270270159103761,0.343642894027937,0.537492731684723
hsa-mir-19b-1,0.535882513811999,6.93934147965477,0.346123804478178,0.539988544070815
hsa-mir-137,2.73569283971078,1.08371472762186,0.34783698864718,0.541276946619336
hsa-mir-4636,-0.789512632778461,-0.307200618364384,0.348870322347268,0.541503553770568
hsa-mir-194-1,2.02589663702056,9.05917934897813,0.351758188020061,0.544600240335627
hsa-mir-122,6.03565544623957,1.073135541532,0.354229458993319,0.545596498520005
hsa-mir-549a,2.17309564552655,-0.337607571825687,0.354760680906127,0.545596498520005
hsa-mir-1306,0.52251545466626,3.22901167235423,0.355685211227953,0.545596498520005
hsa-mir-4662a,1.29223763937876,5.09607780608075,0.356412445416877,0.545596498520005
hsa-mir-380,-0.638519407717738,0.225227682256162,0.357227833546849,0.545596498520005
hsa-mir-1271,-0.434838604849276,1.99062307628554,0.357768195750823,0.545596498520005
hsa-mir-375,2.4102767448089,12.9959927897336,0.363701563863891,0.552110936535906
hsa-mir-548f-1,3.89203445792738,-0.376404099573285,0.363850158176122,0.552110936535906
hsa-mir-10a,-0.575489317818859,14.8657404312737,0.365416169555235,0.5531113236444
hsa-mir-4791,1.15573932482386,-0.218359598315071,0.370761978280339,0.559460245427371
hsa-mir-2355,-0.43709625091235,5.83702305234469,0.371444917046042,0.559460245427371
hsa-mir-3684,0.932515825250738,-0.112920917826198,0.374800805679537,0.562088475939153
hsa-mir-342,0.568778123538828,7.43092420440582,0.375037267397639,0.562088475939153
hsa-mir-516a-1,5.70107034637062,2.24659499557574,0.376509291433612,0.562088475939153
hsa-mir-5571,2.13781194765428,-0.380665470192258,0.377116514135804,0.562088475939153
hsa-mir-516a-2,5.64214398233784,2.19310439387492,0.377797172352546,0.562088475939153
hsa-mir-365b,-0.394644175728721,5.92967985145795,0.380031179713738,0.564036544100682
hsa-mir-187,-0.704668525286618,4.39819657743268,0.38373480627085,0.567285781768681
hsa-mir-197,0.384912606500502,8.40323659652444,0.38408037355814,0.567285781768681
hsa-mir-4709,-0.476622836620907,-0.00196839136153106,0.389706582967029,0.571425154956562
hsa-mir-584,0.993873643445651,6.57704514473614,0.390305346374203,0.571425154956562
hsa-mir-19b-2,0.508347952494818,6.7750124522977,0.391365956761871,0.571425154956562
hsa-mir-522,5.89675011949304,0.947566060588971,0.391417402465644,0.571425154956562
hsa-mir-3170,1.28419975225874,0.395157371393806,0.391566745527611,0.571425154956562
hsa-mir-365a,-0.382774993567422,5.94772184810156,0.394721702837717,0.574552443013307
hsa-mir-9-2,1.29801169586803,11.5890204915397,0.395593485353425,0.574552443013307
hsa-mir-9-1,1.29200695709091,11.5869827963691,0.397147076529374,0.575253748452451
hsa-mir-519a-2,3.60217510326633,1.08035189447471,0.397962429257269,0.575253748452451
hsa-mir-3129,-0.571322590749016,-0.424054151738224,0.399863769970252,0.576456235566893
hsa-mir-9-3,1.28229519691725,11.5896201245734,0.400684334230103,0.576456235566893
hsa-mir-3607,0.57391157918069,4.59681927026063,0.407106841425261,0.584318054751551
hsa-mir-4660,-0.537839113516179,-0.0340086053127284,0.411195779145796,0.588801467790928
hsa-mir-149,0.893824182819034,6.68553707930597,0.41395287868078,0.591361255258258
hsa-mir-4728,1.6510121646231,1.62627296373753,0.418789284379397,0.596872578204281
hsa-mir-545,0.926839891035374,-0.147604486356176,0.419840625512079,0.59697618079806
hsa-mir-548v,0.94235566012256,0.55662588326299,0.423525854993616,0.600815747781641
hsa-mir-219a-2,2.94419222142845,0.120815015175898,0.428133190622771,0.605942566774688
hsa-mir-514a-3,3.42940098954093,3.31650003493009,0.430697707680171,0.607877438558414
hsa-mir-519a-1,4.59674101960206,3.59128672889692,0.431784091653212,0.607877438558414
hsa-mir-511,0.738846923557233,3.1511122600002,0.432489849728445,0.607877438558414
hsa-mir-514a-2,3.25269860416158,3.32759207534906,0.435516813299834,0.61014857738101
hsa-mir-499a,3.05211558172518,1.45295142704996,0.436106196292001,0.61014857738101
hsa-mir-135a-2,3.00795977181304,0.108018178041998,0.438604558450043,0.611326464047734
hsa-mir-541,-0.669416019996751,-0.250098531107708,0.439430295830962,0.611326464047734
hsa-mir-512-2,4.00058306844088,-0.306061334775127,0.440675584704506,0.611326464047734
hsa-mir-5682,-0.593813535385117,-0.897146398008926,0.440956793739349,0.611326464047734
hsa-mir-4786,-0.445874029699241,0.209360152232492,0.446018453942045,0.61569066956197
hsa-mir-181b-1,0.484134601390717,7.32480414393017,0.446884090921227,0.61569066956197
hsa-mir-1305,3.69992867856655,-0.465943004224888,0.4479379111196,0.61569066956197
hsa-mir-455,0.554124414803136,8.29183927408309,0.448142061123795,0.61569066956197
hsa-mir-454,0.369709195568425,3.72852927474709,0.454739597113074,0.623350908402192
hsa-mir-3944,1.36886174567801,-0.347658944589499,0.456011697725194,0.623516011970548
hsa-mir-653,0.699897912688559,2.22079183526498,0.456904356312844,0.623516011970548
hsa-mir-4473,1.01381590182077,-0.0836433816773188,0.458920443448525,0.624869353802679
hsa-mir-559,3.01231981914173,-0.743911461309592,0.466212106507838,0.632251953586699
hsa-mir-612,2.27271219833526,-0.317205146017828,0.467207890912412,0.632251953586699
hsa-mir-506,5.18509915319236,0.381288417126656,0.467804419072891,0.632251953586699
hsa-mir-552,4.90448535596583,1.64267533992321,0.46848833282162,0.632251953586699
hsa-mir-3927,3.32460613783559,-0.626072158062583,0.473267941275114,0.635592005341573
hsa-mir-424,-0.349154284554729,7.60154381709301,0.473619043762214,0.635592005341573
hsa-mir-6715a,-0.510724068491641,-1.02778867964406,0.474089118738387,0.635592005341573
hsa-mir-744,0.405596692768852,5.02471293543793,0.478449523020659,0.640031160181145
hsa-mir-181a-2,0.441773307287584,10.534928297379,0.480499325976993,0.64136671519905
hsa-mir-34a,-0.242426900403485,7.47303558867129,0.483312923438392,0.642304901124932
hsa-mir-628,0.347849753813303,3.25459091792434,0.48352022897367,0.642304901124932
hsa-mir-576,0.379153550098595,4.01926450427766,0.484361072979457,0.642304901124932
hsa-mir-891a,2.73083244898286,3.28499552132145,0.489955639377972,0.64831440351532
hsa-mir-449b,4.53764574772102,-0.00628735085517513,0.501129724295707,0.660040491295742
hsa-mir-188,0.439475570558389,2.05397757828696,0.504426058001293,0.660040491295742
hsa-mir-939,0.675024439647837,0.429469594183228,0.504767934237002,0.660040491295742
hsa-mir-1291,-0.46681739025417,0.0899749181041634,0.504933942564421,0.660040491295742
hsa-mir-335,0.572318161839847,6.95395850327241,0.505964607931509,0.660040491295742
hsa-mir-25,0.27018490316821,13.6439154545289,0.506268771369994,0.660040491295742
hsa-mir-1180,0.500364022591624,4.39700315475782,0.506391721190832,0.660040491295742
hsa-mir-5586,0.652310414102043,1.69541785696534,0.52311091370125,0.680378800336381
hsa-mir-4784,2.52947731849873,1.01109439953857,0.528714926354769,0.685083062237416
hsa-mir-4443,1.25532299854075,-0.148338786096236,0.529132182207909,0.685083062237416
hsa-mir-3941,-0.361823434974786,0.0638590911622863,0.530097057993542,0.685083062237416
hsa-mir-4687,1.83601056605011,-0.477362550992748,0.531440927977668,0.685367792952172
hsa-mir-1226,0.823139623586284,0.402719502978711,0.535824389047214,0.688758170142688
hsa-mir-5003,0.876354844547688,-0.162651590899491,0.536328083307831,0.688758170142688
hsa-mir-181b-2,0.406848848447382,7.26373735659687,0.544215629160155,0.69741918862961
hsa-mir-6512,2.27228624385945,-0.320699601039563,0.551168042771585,0.704848021154439
hsa-mir-4714,0.849246483732435,-0.371065842586525,0.552569213160433,0.705161548175447
hsa-mir-1185-1,-0.469556615461339,-0.571256436879934,0.55485464446085,0.705218716065718
hsa-mir-708,0.515761742178016,7.68605102662107,0.554926202805811,0.705218716065718
hsa-mir-4645,0.76311921872549,-0.416674288993692,0.557429619123822,0.706927375604015
hsa-mir-221,0.501617159034116,9.05028877327681,0.561146567695829,0.708647398126926
hsa-mir-4707,0.895365544170503,-0.35280378419778,0.561910975674742,0.708647398126926
hsa-mir-6755,0.575324311205081,0.362323363831368,0.562271050317102,0.708647398126926
hsa-mir-513c,5.00409683005095,0.251346619217429,0.564677212507643,0.708784269414998
hsa-mir-551a,1.52970042747163,0.0341356784729819,0.564703532681457,0.708784269414998
hsa-mir-493,-0.29355889868175,3.39003850945478,0.566805988780239,0.709921342942397
hsa-mir-518e,3.86879280017618,-0.382470901140075,0.567937074353918,0.709921342942397
hsa-mir-671,0.25376691903233,3.07708931758258,0.57740886828681,0.720285091318925
hsa-mir-4788,1.25105999890796,0.262915326908034,0.581009489375968,0.722072616316388
hsa-mir-193a,-0.188774722848186,8.21841401070665,0.581209269854666,0.722072616316388
hsa-mir-494,-0.344721072173541,0.753123236143823,0.590532440807271,0.732164205065926
hsa-mir-211,2.9811374624623,-0.753850423603689,0.594436567513196,0.735509748849998
hsa-mir-885,-0.330905025012362,0.812104470500795,0.596317433012207,0.736343388942199
hsa-mir-3161,2.76591185902178,-0.823584973532996,0.610537391471706,0.752379411712607
hsa-mir-216a,1.92997339383046,-0.462023346413547,0.61413261742793,0.75285887909219
hsa-mir-520b,2.58345421422438,-0.155026042976685,0.614445362331319,0.75285887909219
hsa-mir-3917,0.549587801385935,1.44626352276995,0.614786322911914,0.75285887909219
hsa-mir-153-2,0.614587318247943,3.37496817429909,0.616105297155781,0.75285887909219
hsa-mir-659,-0.230606724202693,0.815572346119389,0.617360413546608,0.75285887909219
hsa-mir-3653,0.377063129799088,2.34004574953708,0.619396820095873,0.75285887909219
hsa-mir-514b,4.96593661510581,0.223530069024769,0.61956583164636,0.75285887909219
hsa-mir-570,0.574024509579867,0.428412465008242,0.623724064065916,0.756404928588884
hsa-mir-1269b,5.64380506385926,2.34708739578992,0.625505768019481,0.75706055256326
hsa-mir-29b-2,-0.176918449956735,8.10129795229422,0.632207147535884,0.763656158409681
hsa-mir-4787,0.762508533762821,-0.193374987443387,0.636854469348249,0.767749459095715
hsa-mir-607,1.40191067617842,-0.35878814278094,0.639749035074158,0.769717773955102
hsa-let-7f-2,0.25975792834235,12.2530073001731,0.642556551109402,0.770320978809074
hsa-mir-4326,-0.245922269341116,2.67077405846784,0.642776029858719,0.770320978809074
hsa-mir-135a-1,1.5457778791685,0.0141898524271499,0.648699433908459,0.774277412709439
hsa-mir-5683,1.42618881367753,2.5945454304304,0.648720064861738,0.774277412709439
hsa-mir-148a,0.315991950996181,14.7097961614711,0.649885303782349,0.774277412709439
hsa-mir-3605,0.384271455190639,0.736132968620477,0.651730616380929,0.774962331369136
hsa-mir-518f,2.90503444999166,-0.778166003244965,0.660865772115682,0.783627615244976
hsa-mir-500a,-0.165986981172695,8.11575181853426,0.661587248936332,0.783627615244976
hsa-mir-4732,1.43827211364018,0.398198717640638,0.672101927204208,0.79453909998947
hsa-mir-1295b,4.3421005850697,-0.126433629841054,0.676134931750577,0.797760751195071
hsa-mir-518b,1.3909680644854,-0.379237249385743,0.678461254889895,0.798948405874058
hsa-let-7f-1,0.235743863012443,12.2330798381097,0.679761020735469,0.798948405874058
hsa-mir-3909,0.509110137767786,-0.0484267515186593,0.690970892860397,0.810339662508411
hsa-mir-599,3.8634926135927,0.695360037059179,0.692109777322758,0.810339662508411
hsa-mir-3928,-0.205702614065021,0.542452708559675,0.694056622247215,0.811062336342531
hsa-mir-520f,3.25317420153985,-0.645407407517003,0.695609895082803,0.811323204589885
hsa-mir-1251,3.29900768683127,-0.640449470760918,0.698157420494197,0.812740508590573
hsa-mir-581,-0.224893322732801,-0.364265079102404,0.699888710489728,0.813204025521398
hsa-mir-466,2.80413878517093,-0.812799452207937,0.70326492320857,0.815573390032752
hsa-mir-3127,0.300542128851519,2.25970087990706,0.710748325224402,0.822687814775874
hsa-mir-1343,0.575316226420656,0.12721818879714,0.715030147510171,0.825088219730893
hsa-mir-3659,2.5026982457051,-0.90132070815373,0.715527324979742,0.825088219730893
hsa-mir-526b,-0.173558469197203,0.247876836177597,0.724245334050248,0.833565384472926
hsa-mir-491,-0.146939846790303,1.29952478536463,0.728077304082798,0.836397656290973
hsa-mir-449c,3.74104023808656,-0.435720914219447,0.733908930250892,0.839438535271624
hsa-mir-217,-0.106435335914074,3.72604581072307,0.734227399502785,0.839438535271624
hsa-mir-4433b,1.80808774374457,-0.514831828395272,0.734852750549258,0.839438535271624
hsa-mir-29b-1,-0.110966903935218,8.05074079690656,0.737389471260203,0.840761827044344
hsa-mir-3189,2.66833798370205,-0.853649464410934,0.741339454910077,0.843688558759602
hsa-mir-3130-1,-0.141299543201052,1.78535874659977,0.743543741310902,0.844621382122254
hsa-mir-6125,0.54017041921538,-0.335213684840895,0.75079562108243,0.851273845465209
hsa-mir-518a-2,0.169672298450855,-0.859388861298801,0.754611707362164,0.853396333656794
hsa-mir-4423,0.866760593034744,-0.367917815864217,0.756285180651933,0.853396333656794
hsa-mir-378d-2,-0.191934765819898,-0.20895301721328,0.756864617226764,0.853396333656794
hsa-mir-1255a,0.548299734219108,-0.156920535708079,0.758481617423572,0.853641672746086
hsa-mir-548b,0.528200424176331,0.869306063093404,0.760416279328686,0.854242965728358
hsa-mir-3131,3.31747689677959,-0.628574818049754,0.777192093383397,0.871483781183588
hsa-mir-423,0.0974462795714724,7.45774447653525,0.783533246956227,0.876982166317979
hsa-mir-527,3.11301502968023,-0.703664692365693,0.790192697500511,0.882816017354051
hsa-mir-296,-0.0564957321730042,2.57752736221339,0.796689153217162,0.888446770498114
hsa-mir-378c,-0.060061408748786,3.28102132959608,0.812660643331421,0.904233826092058
hsa-mir-520g,2.63333537606381,-0.862236789188726,0.813810443482852,0.904233826092058
hsa-mir-483,-0.0169967179696062,2.41395478295396,0.816131291567362,0.904406999777364
hsa-mir-23a,0.113079329412754,11.8821604456512,0.819520326873511,0.904406999777364
hsa-mir-323a,0.531737229559561,1.64207873276431,0.819725026400607,0.904406999777364
hsa-mir-7641-1,1.52041152586852,-0.654577343306431,0.819896837503086,0.904406999777364
hsa-mir-1283-2,3.50768286516693,-0.553360067627722,0.826982863673361,0.908962879250313
hsa-mir-1229,0.816420836473271,-0.367110732575657,0.827007209809711,0.908962879250313
hsa-mir-5698,0.685761522487288,0.034293762100669,0.851465268684941,0.934161535787435
hsa-mir-98,0.09293691157441,5.81458589200062,0.85315003540918,0.934329482225494
hsa-mir-598,-0.0294328263564181,4.77059926309786,0.856465609413232,0.936279608856759
hsa-mir-6761,0.424385645993568,0.0387722605360904,0.864926531757037,0.943837539126642
hsa-mir-5089,2.76659737010539,-0.820946230746634,0.871173867705346,0.94802487102108
hsa-mir-4762,0.373904866674306,-0.438199310006893,0.872773438303854,0.94802487102108
hsa-mir-512-1,1.11446690888805,-0.268186136018684,0.873426192645651,0.94802487102108
hsa-mir-5010,0.365193668115193,0.214265864358625,0.876076176315575,0.949212198139433
hsa-mir-3610,-0.0267897343967307,0.537595156755558,0.881387897168759,0.953274144100963
hsa-mir-153-1,-0.0908936897652202,0.108656832813163,0.8845033512154,0.954950520781228
hsa-mir-4454,1.14530571993696,-0.766400241030911,0.893605591216168,0.963073163678203
hsa-mir-769,0.074699429285394,4.75374612337695,0.912067681120085,0.981236835067464
hsa-mir-5706,-0.120367382837245,-0.385595947283122,0.923318164158526,0.991591690381516
hsa-let-7g,0.0526387524577604,9.20585920462193,0.927350846242038,0.993959551888029
hsa-mir-5091,0.627854523424894,-0.263214913846739,0.928781876354388,0.993959551888029
hsa-mir-103a-2,0.0565957633640978,13.3430774583027,0.932034162941641,0.995562088394648
hsa-mir-219b,-0.0111164384996124,-0.125826120095126,0.933543466494653,0.995562088394648
hsa-mir-103a-1,0.0524052063852101,13.3403720738485,0.942195311664639,1
hsa-mir-892a,2.81061379168534,-0.803731116499953,0.944037535137781,1
hsa-mir-582,0.26343737514481,9.22385868193241,0.945111503497011,1
hsa-mir-662,2.3160017241955,-0.94935270209894,0.945995279413056,1
hsa-let-7d,0.0369902024968342,9.18685848319688,0.946510501433039,1
hsa-mir-518a-1,2.48970380538078,-0.900651943224308,0.954195199258501,1
hsa-mir-2114,0.498121727435174,-0.531891969266267,0.954679371814595,1
hsa-mir-507,3.05209202702684,-0.74651459527387,0.963866419616347,1
hsa-mir-2116,0.274669138056674,0.277772315875675,0.964198257767131,1
hsa-mir-4533,2.13716886350023,-0.990137323263299,0.972240473510507,1
hsa-mir-2682,2.37115734629316,-0.935724432450849,0.975057387517925,1
hsa-mir-3198-2,1.10198766498132,-0.794608323183546,0.978756068283267,1
hsa-mir-518c,0.623315847047481,-0.511691480672714,0.992802240075559,1
hsa-mir-520c,2.21209840910605,-0.973711769533119,0.994008998505518,1
hsa-mir-513b,2.95420545832229,-0.781067685274396,1,1
hsa-mir-513a-1,2.60515014029301,-0.887200369924247,1,1
hsa-mir-513a-2,2.55122054538326,-0.898530615447092,1,1
hsa-mir-802,1.54628236776462,-1.10055938630524,1,1
hsa-mir-216b,1.47876031947878,-0.672298739885722,1,1
hsa-mir-6744,1.27188153561127,-0.745957550097173,1,1
hsa-mir-521-1,0.991569040141951,-0.842901840708786,1,1
hsa-mir-1323,0.796995771029299,-0.849311392522798,1,1
hsa-mir-519d,0.774233177654462,-0.901962421627814,1,1
hsa-mir-520a,0.669434327720986,-0.00927194542186485,1,1
hsa-mir-935,0.638982055430099,1.23709135459619,1,1
hsa-mir-525,0.540599603888204,-0.542084395902206,1,1
hsa-mir-517a,0.476737578101579,-0.237285690433342,1,1
hsa-mir-517b,0.47523959881989,-0.238113226503499,1,1
hsa-mir-588,0.327183944879031,-0.421684954272932,1,1
hsa-mir-6820,0.196538848477424,-0.350224648765599,1,1
hsa-mir-2115,0.166684950185909,-0.288175171972732,1,1
hsa-mir-3130-2,0.154837000139026,1.84712888070829,1,1
hsa-mir-376a-2,0.145694635856085,0.126969723077796,1,1
hsa-mir-212,0.0948824138662346,3.15396454319343,1,1
hsa-mir-675,0.0870225824997933,5.49182486058497,1,1
hsa-mir-3117,0.0613565307269989,0.253686177834714,1,1
hsa-mir-339,0.0345112387488872,5.60145606070877,1,1
hsa-mir-4676,0.013179294763238,0.140452006718935,1,1
